{"cameraMode":{"drawMode":0,"name":"Shaded","section":"Shading Mode"},"sceneLighting":false,"audioPlay":false,"sceneViewState":{"showFog":true,"showMaterialUpdate":true,"showSkybox":true,"showFlares":true,"showImageEffects":true,"showParticleSystems":true},"in2DMode":false,"pivot":{"x":3.3610448837280275,"y":-5.806039333343506,"z":4.034309387207031},"rotation":{"x":-0.2226027399301529,"y":0.1385839879512787,"z":-0.031984955072402957,"w":-0.9644789099693298},"size":37.76333999633789,"orthographic":false}