{"cameraMode":{"drawMode":0,"name":"Shaded","section":"Shading Mode"},"sceneLighting":false,"audioPlay":false,"sceneViewState":{"showFog":false,"showMaterialUpdate":false,"showSkybox":false,"showFlares":false,"showImageEffects":false,"showParticleSystems":false},"in2DMode":false,"pivot":{"x":1014.77685546875,"y":21.30999755859375,"z":1038.9871826171875},"rotation":{"x":0.6613092422485352,"y":0.05343298614025116,"z":-0.04732298478484154,"w":0.7467098236083984},"size":6357.06298828125,"orthographic":false}