{"cameraMode":{"drawMode":0,"name":"Shaded","section":"Shading Mode"},"sceneLighting":false,"audioPlay":false,"sceneViewState":{"showFog":false,"showMaterialUpdate":false,"showSkybox":false,"showFlares":false,"showImageEffects":false,"showParticleSystems":false},"in2DMode":false,"pivot":{"x":11.878498077392579,"y":19.49407958984375,"z":-18.10491180419922},"rotation":{"x":0.04615262523293495,"y":0.9310653209686279,"z":-0.1267646700143814,"w":0.33899569511413576},"size":81.40719604492188,"orthographic":false}