{"cameraMode":{"drawMode":0,"name":"Shaded","section":"Shading Mode"},"sceneLighting":false,"audioPlay":false,"sceneViewState":{"showFog":true,"showMaterialUpdate":true,"showSkybox":true,"showFlares":true,"showImageEffects":true,"showParticleSystems":true},"in2DMode":false,"pivot":{"x":356.2067565917969,"y":11.28783130645752,"z":302.9770202636719},"rotation":{"x":0.11482387781143189,"y":0.8743297457695007,"z":-0.3986910879611969,"w":0.251810222864151},"size":42.69119644165039,"orthographic":false}