{"cameraMode":{"drawMode":0,"name":"Shaded","section":"Shading Mode"},"sceneLighting":false,"audioPlay":false,"sceneViewState":{"showFog":false,"showMaterialUpdate":false,"showSkybox":false,"showFlares":false,"showImageEffects":false,"showParticleSystems":false},"in2DMode":false,"pivot":{"x":185.44065856933595,"y":-186.61764526367188,"z":-63.3033447265625},"rotation":{"x":-0.02355421707034111,"y":0.955036461353302,"z":-0.2848028242588043,"w":-0.07898072153329849},"size":116.68429565429688,"orthographic":false}