{"cameraMode":{"drawMode":0,"name":"Shaded","section":"Shading Mode"},"sceneLighting":false,"audioPlay":false,"sceneViewState":{"showFog":false,"showMaterialUpdate":false,"showSkybox":false,"showFlares":false,"showImageEffects":false,"showParticleSystems":false},"in2DMode":false,"pivot":{"x":-0.007518768310546875,"y":2.140868902206421,"z":-0.21243619918823243},"rotation":{"x":0.43914470076560976,"y":0.244509756565094,"z":-0.12553563714027406,"w":0.8553407192230225},"size":12.95007038116455,"orthographic":false}