{"cameraMode":{"drawMode":0,"name":"Shaded","section":"Shading Mode"},"sceneLighting":false,"audioPlay":false,"sceneViewState":{"showFog":false,"showMaterialUpdate":false,"showSkybox":false,"showFlares":false,"showImageEffects":false,"showParticleSystems":false},"in2DMode":false,"pivot":{"x":0.000003814697265625,"y":0.2645106315612793,"z":-0.0000019073486328125},"rotation":{"x":0.27327942848205569,"y":0.4274662733078003,"z":-0.13731645047664643,"w":0.8507262468338013},"size":40.304718017578128,"orthographic":false}