{"cameraMode":{"drawMode":0,"name":"Shaded","section":"Shading Mode"},"sceneLighting":false,"audioPlay":false,"sceneViewState":{"showFog":false,"showMaterialUpdate":false,"showSkybox":false,"showFlares":false,"showImageEffects":false,"showParticleSystems":false},"in2DMode":false,"pivot":{"x":0.0000019073486328125,"y":0.27055320143699648,"z":-0.000009059906005859375},"rotation":{"x":0.3187350034713745,"y":0.5915372967720032,"z":-0.27403172850608828,"w":0.6880394220352173},"size":55.34247589111328,"orthographic":false}