{"cameraMode":{"drawMode":0,"name":"Shaded","section":"Shading Mode"},"sceneLighting":false,"audioPlay":false,"sceneViewState":{"showFog":false,"showMaterialUpdate":false,"showSkybox":false,"showFlares":false,"showImageEffects":false,"showParticleSystems":false},"in2DMode":false,"pivot":{"x":4.831050395965576,"y":-4.813396453857422,"z":-15.821235656738282},"rotation":{"x":0.3181858956813812,"y":0.051748402416706088,"z":-0.017398469150066377,"w":0.9464550614356995},"size":74.67512512207031,"orthographic":false}