{"cameraMode":{"drawMode":0,"name":"Shaded","section":"Shading Mode"},"sceneLighting":false,"audioPlay":false,"sceneViewState":{"showFog":false,"showMaterialUpdate":false,"showSkybox":false,"showFlares":false,"showImageEffects":false,"showParticleSystems":false},"in2DMode":false,"pivot":{"x":-1.8976593017578126,"y":14.249048233032227,"z":0.18034744262695313},"rotation":{"x":-0.22346454858779908,"y":0.5785155892372131,"z":-0.16874641180038453,"w":-0.766099214553833},"size":177.37171936035157,"orthographic":false}