{"cameraMode":{"drawMode":0,"name":"Shaded","section":"Shading Mode"},"sceneLighting":false,"audioPlay":false,"sceneViewState":{"showFog":false,"showMaterialUpdate":false,"showSkybox":false,"showFlares":false,"showImageEffects":false,"showParticleSystems":false},"in2DMode":false,"pivot":{"x":-0.00000476837158203125,"y":0.2645135819911957,"z":-9.5367431640625e-7},"rotation":{"x":0.3187350034713745,"y":0.5915372967720032,"z":-0.27403172850608828,"w":0.6880394220352173},"size":64.93181610107422,"orthographic":false}