{"cameraMode":{"drawMode":0,"name":"Shaded","section":"Shading Mode"},"sceneLighting":false,"audioPlay":false,"sceneViewState":{"showFog":true,"showMaterialUpdate":true,"showSkybox":true,"showFlares":true,"showImageEffects":true,"showParticleSystems":true},"in2DMode":false,"pivot":{"x":-0.000004291534423828125,"y":0.16353744268417359,"z":-4.76837158203125e-7},"rotation":{"x":-0.18091313540935517,"y":-0.7790294885635376,"z":0.26060906052589419,"w":-0.5408017039299011},"size":35.005985260009769,"orthographic":false}