{"cameraMode":{"drawMode":0,"name":"Shaded","section":"Shading Mode"},"sceneLighting":false,"audioPlay":false,"sceneViewState":{"showFog":false,"showMaterialUpdate":false,"showSkybox":false,"showFlares":false,"showImageEffects":false,"showParticleSystems":false},"in2DMode":false,"pivot":{"x":2.033521890640259,"y":-0.5131902694702148,"z":0.782475471496582},"rotation":{"x":-0.4476008415222168,"y":0.3192431628704071,"z":-0.1749473214149475,"w":-0.8167807459831238},"size":18.359535217285158,"orthographic":false}