{"cameraMode":{"drawMode":0,"name":"Shaded","section":"Shading Mode"},"sceneLighting":false,"audioPlay":false,"sceneViewState":{"showFog":false,"showMaterialUpdate":false,"showSkybox":false,"showFlares":false,"showImageEffects":false,"showParticleSystems":false},"in2DMode":false,"pivot":{"x":1268.427734375,"y":-268.1842041015625,"z":598.74267578125},"rotation":{"x":-0.014757039956748486,"y":-0.9549132585525513,"z":0.2925800383090973,"w":-0.048163969069719318},"size":2.8578836917877199,"orthographic":false}