{"cameraMode":{"drawMode":0,"name":"Shaded","section":"Shading Mode"},"sceneLighting":false,"audioPlay":false,"sceneViewState":{"showFog":false,"showMaterialUpdate":false,"showSkybox":false,"showFlares":false,"showImageEffects":false,"showParticleSystems":false},"in2DMode":false,"pivot":{"x":0.17304420471191407,"y":23.18941879272461,"z":-3.5296554565429689},"rotation":{"x":-0.22346454858779908,"y":0.5785155892372131,"z":-0.16874641180038453,"w":-0.766099214553833},"size":154.51220703125,"orthographic":false}