{"cameraMode":{"drawMode":0,"name":"Shaded","section":"Shading Mode"},"sceneLighting":false,"audioPlay":false,"sceneViewState":{"showFog":false,"showMaterialUpdate":false,"showSkybox":false,"showFlares":false,"showImageEffects":false,"showParticleSystems":false},"in2DMode":false,"pivot":{"x":0.08339899778366089,"y":0.30963581800460818,"z":0.31554967164993288},"rotation":{"x":-0.2875066101551056,"y":0.22483514249324799,"z":-0.06962640583515167,"w":-0.9284079670906067},"size":4.439278602600098,"orthographic":false}