{"cameraMode":{"drawMode":0,"name":"Shaded","section":"Shading Mode"},"sceneLighting":false,"audioPlay":false,"sceneViewState":{"showFog":false,"showMaterialUpdate":false,"showSkybox":false,"showFlares":false,"showImageEffects":false,"showParticleSystems":false},"in2DMode":false,"pivot":{"x":185.44065856933595,"y":-186.61764526367188,"z":-63.3033447265625},"rotation":{"x":0.2567850947380066,"y":0.7386707067489624,"z":-0.39051130414009097,"w":0.4857241213321686},"size":23.39278793334961,"orthographic":false}