{"cameraMode":{"drawMode":0,"name":"Shaded","section":"Shading Mode"},"sceneLighting":false,"audioPlay":false,"sceneViewState":{"showFog":true,"showMaterialUpdate":true,"showSkybox":true,"showFlares":true,"showImageEffects":true,"showParticleSystems":true},"in2DMode":false,"pivot":{"x":4.535663604736328,"y":0.2645152509212494,"z":-4.535686492919922},"rotation":{"x":-0.05128678306937218,"y":-0.9249346852302551,"z":0.3516656756401062,"w":-0.13489554822444917},"size":173.0681915283203,"orthographic":false}