{"cameraMode":{"drawMode":0,"name":"Shaded","section":"Shading Mode"},"sceneLighting":false,"audioPlay":false,"sceneViewState":{"showFog":true,"showMaterialUpdate":true,"showSkybox":true,"showFlares":true,"showImageEffects":true,"showParticleSystems":true},"in2DMode":false,"pivot":{"x":443.09222412109377,"y":-594.3006591796875,"z":1378.61376953125},"rotation":{"x":0.3595999479293823,"y":-0.11538522690534592,"z":0.044863056391477588,"w":0.9248575568199158},"size":2.8578836917877199,"orthographic":false}