{"cameraMode":{"drawMode":0,"name":"Shaded","section":"Shading Mode"},"sceneLighting":false,"audioPlay":false,"sceneViewState":{"showFog":false,"showMaterialUpdate":false,"showSkybox":false,"showFlares":false,"showImageEffects":false,"showParticleSystems":false},"in2DMode":false,"pivot":{"x":-0.04646754264831543,"y":4.0599045753479,"z":-12.725317001342774},"rotation":{"x":0.3573067784309387,"y":-0.3698670268058777,"z":0.15673232078552247,"w":0.8431875705718994},"size":17.36309242248535,"orthographic":false}