{"cameraMode":{"drawMode":0,"name":"Shaded","section":"Shading Mode"},"sceneLighting":false,"audioPlay":false,"sceneViewState":{"showFog":false,"showMaterialUpdate":false,"showSkybox":false,"showFlares":false,"showImageEffects":false,"showParticleSystems":false},"in2DMode":false,"pivot":{"x":-0.009405016899108887,"y":0.274630606174469,"z":-0.00423121452331543},"rotation":{"x":0.1067853718996048,"y":0.8921622633934021,"z":-0.2865913510322571,"w":0.3324287235736847},"size":6.497320652008057,"orthographic":false}