{"cameraMode":{"drawMode":0,"name":"Shaded","section":"Shading Mode"},"sceneLighting":false,"audioPlay":false,"sceneViewState":{"showFog":true,"showMaterialUpdate":true,"showSkybox":true,"showFlares":true,"showImageEffects":true,"showParticleSystems":true},"in2DMode":false,"pivot":{"x":-5.14775276184082,"y":-2.7704930305480959,"z":-4.045012474060059},"rotation":{"x":-0.026975136250257493,"y":-0.9439623951911926,"z":0.07979273051023483,"w":-0.31912466883659365},"size":29.38043975830078,"orthographic":false}