{"cameraMode":{"drawMode":0,"name":"Shaded","section":"Shading Mode"},"sceneLighting":false,"audioPlay":false,"sceneViewState":{"showFog":false,"showMaterialUpdate":false,"showSkybox":false,"showFlares":false,"showImageEffects":false,"showParticleSystems":false},"in2DMode":false,"pivot":{"x":4.96070671081543,"y":27.59200668334961,"z":-0.9434013366699219},"rotation":{"x":0.06926130503416062,"y":0.20415179431438447,"z":-0.014483390375971794,"w":0.9763786792755127},"size":55.04448318481445,"orthographic":false}