{"cameraMode":{"drawMode":0,"name":"Shaded","section":"Shading Mode"},"sceneLighting":false,"audioPlay":false,"sceneViewState":{"showFog":false,"showMaterialUpdate":false,"showSkybox":false,"showFlares":false,"showImageEffects":false,"showParticleSystems":false},"in2DMode":false,"pivot":{"x":-0.896453857421875,"y":-0.3467836380004883,"z":4.032146453857422},"rotation":{"x":-0.1007642149925232,"y":0.6074084639549255,"z":-0.07805845141410828,"w":-0.7840972542762756},"size":58.601768493652347,"orthographic":false}