{"cameraMode":{"drawMode":0,"name":"Shaded","section":"Shading Mode"},"sceneLighting":false,"audioPlay":false,"sceneViewState":{"showFog":true,"showMaterialUpdate":true,"showSkybox":true,"showFlares":true,"showImageEffects":true,"showParticleSystems":true},"in2DMode":false,"pivot":{"x":3.033174514770508,"y":-10.111897468566895,"z":1.7165699005126954},"rotation":{"x":0.05813819169998169,"y":-0.49860599637031557,"z":-0.03354194760322571,"w":-0.864226222038269},"size":33.49178695678711,"orthographic":false}