{"cameraMode":{"drawMode":0,"name":"Shaded","section":"Shading Mode"},"sceneLighting":false,"audioPlay":false,"sceneViewState":{"showFog":false,"showMaterialUpdate":false,"showSkybox":false,"showFlares":false,"showImageEffects":false,"showParticleSystems":false},"in2DMode":false,"pivot":{"x":175.80145263671876,"y":-51.069583892822269,"z":197.06967163085938},"rotation":{"x":0.3095756769180298,"y":0.05617411434650421,"z":-0.018325312063097955,"w":0.9490371942520142},"size":107.73939514160156,"orthographic":false}