{"cameraMode":{"drawMode":0,"name":"Shaded","section":"Shading Mode"},"sceneLighting":false,"audioPlay":false,"sceneViewState":{"showFog":false,"showMaterialUpdate":false,"showSkybox":false,"showFlares":false,"showImageEffects":false,"showParticleSystems":false},"in2DMode":false,"pivot":{"x":22.54369354248047,"y":55.50558090209961,"z":22.06462860107422},"rotation":{"x":-0.31510770320892336,"y":0.18792235851287843,"z":-0.06380372494459152,"w":-0.928074061870575},"size":179.83493041992188,"orthographic":false}