{"cameraMode":{"drawMode":0,"name":"Shaded","section":"Shading Mode"},"sceneLighting":false,"audioPlay":false,"sceneViewState":{"showFog":false,"showMaterialUpdate":false,"showSkybox":false,"showFlares":false,"showImageEffects":false,"showParticleSystems":false},"in2DMode":false,"pivot":{"x":0.0000057220458984375,"y":0.2645135521888733,"z":-0.00000762939453125},"rotation":{"x":0.27327942848205569,"y":0.4274662733078003,"z":-0.13731645047664643,"w":0.8507262468338013},"size":40.30474853515625,"orthographic":false}