{"cameraMode":{"drawMode":0,"name":"Shaded","section":"Shading Mode"},"sceneLighting":false,"audioPlay":false,"sceneViewState":{"showFog":false,"showMaterialUpdate":false,"showSkybox":false,"showFlares":false,"showImageEffects":false,"showParticleSystems":false},"in2DMode":false,"pivot":{"x":-4.54777193069458,"y":1.8685275316238404,"z":-11.916914939880371},"rotation":{"x":0.3573067784309387,"y":-0.3698670268058777,"z":0.15673232078552247,"w":0.8431875705718994},"size":7.65870475769043,"orthographic":false}