{"cameraMode":{"drawMode":0,"name":"Shaded","section":"Shading Mode"},"sceneLighting":false,"audioPlay":false,"sceneViewState":{"showFog":false,"showMaterialUpdate":false,"showSkybox":false,"showFlares":false,"showImageEffects":false,"showParticleSystems":false},"in2DMode":false,"pivot":{"x":9.269996643066407,"y":85.61920166015625,"z":13.904998779296875},"rotation":{"x":-0.31510770320892336,"y":0.18792235851287843,"z":-0.06380372494459152,"w":-0.928074061870575},"size":448.7007141113281,"orthographic":false}