{"cameraMode":{"drawMode":0,"name":"Shaded","section":"Shading Mode"},"sceneLighting":false,"audioPlay":false,"sceneViewState":{"showFog":false,"showMaterialUpdate":false,"showSkybox":false,"showFlares":false,"showImageEffects":false,"showParticleSystems":false},"in2DMode":false,"pivot":{"x":-389.21636962890627,"y":18.085540771484376,"z":-247.89500427246095},"rotation":{"x":0.27327942848205569,"y":0.4274662733078003,"z":-0.13731645047664643,"w":0.8507262468338013},"size":200.10842895507813,"orthographic":false}