{"cameraMode":{"drawMode":0,"name":"Shaded","section":"Shading Mode"},"sceneLighting":false,"audioPlay":false,"sceneViewState":{"showFog":false,"showMaterialUpdate":false,"showSkybox":false,"showFlares":false,"showImageEffects":false,"showParticleSystems":false},"in2DMode":false,"pivot":{"x":0.00000762939453125,"y":0.26451727747917178,"z":0.00000286102294921875},"rotation":{"x":0.3187350034713745,"y":0.5915372967720032,"z":-0.27403172850608828,"w":0.6880394220352173},"size":69.59326171875,"orthographic":false}