{"cameraMode":{"drawMode":0,"name":"Shaded","section":"Shading Mode"},"sceneLighting":false,"audioPlay":false,"sceneViewState":{"showFog":false,"showMaterialUpdate":false,"showSkybox":false,"showFlares":false,"showImageEffects":false,"showParticleSystems":false},"in2DMode":false,"pivot":{"x":-2.487400531768799,"y":-0.48394775390625,"z":-5.133417129516602},"rotation":{"x":-0.28407323360443118,"y":0.14139443635940553,"z":-0.04239693284034729,"w":-0.9473713636398315},"size":51.70487594604492,"orthographic":false}