{"cameraMode":{"drawMode":0,"name":"Shaded","section":"Shading Mode"},"sceneLighting":false,"audioPlay":false,"sceneViewState":{"showFog":true,"showMaterialUpdate":true,"showSkybox":true,"showFlares":true,"showImageEffects":true,"showParticleSystems":true},"in2DMode":false,"pivot":{"x":-8.018609046936036,"y":-4.1543474197387699,"z":-8.775139808654786},"rotation":{"x":0.27621015906333926,"y":0.7071667909622192,"z":-0.36040034890174868,"w":0.5419729948043823},"size":11.743911743164063,"orthographic":false}