{"cameraMode":{"drawMode":0,"name":"Shaded","section":"Shading Mode"},"sceneLighting":false,"audioPlay":false,"sceneViewState":{"showFog":false,"showMaterialUpdate":false,"showSkybox":false,"showFlares":false,"showImageEffects":false,"showParticleSystems":false},"in2DMode":false,"pivot":{"x":-21.317291259765626,"y":-52.738067626953128,"z":186.36138916015626},"rotation":{"x":-0.31510770320892336,"y":0.18792235851287843,"z":-0.06380372494459152,"w":-0.928074061870575},"size":435.9385681152344,"orthographic":false}