{"cameraMode":{"drawMode":0,"name":"Shaded","section":"Shading Mode"},"sceneLighting":false,"audioPlay":false,"sceneViewState":{"showFog":false,"showMaterialUpdate":false,"showSkybox":false,"showFlares":false,"showImageEffects":false,"showParticleSystems":false},"in2DMode":false,"pivot":{"x":2.053119659423828,"y":0.2816429138183594,"z":-12.421842575073243},"rotation":{"x":-0.013840589672327042,"y":0.9858855605125427,"z":-0.10570435971021652,"w":-0.1290917843580246},"size":36.74045944213867,"orthographic":false}