{"cameraMode":{"drawMode":0,"name":"Shaded","section":"Shading Mode"},"sceneLighting":false,"audioPlay":false,"sceneViewState":{"showFog":true,"showMaterialUpdate":true,"showSkybox":true,"showFlares":true,"showImageEffects":true,"showParticleSystems":true},"in2DMode":false,"pivot":{"x":370.1370544433594,"y":30.338071823120118,"z":378.4315185546875},"rotation":{"x":0.11482387781143189,"y":0.8743297457695007,"z":-0.3986910879611969,"w":0.251810222864151},"size":153.24227905273438,"orthographic":false}