{"cameraMode":{"drawMode":0,"name":"Shaded","section":"Shading Mode"},"sceneLighting":false,"audioPlay":false,"sceneViewState":{"showFog":true,"showMaterialUpdate":true,"showSkybox":true,"showFlares":true,"showImageEffects":true,"showParticleSystems":true},"in2DMode":false,"pivot":{"x":-0.6414375305175781,"y":-2.644855499267578,"z":-21.234508514404298},"rotation":{"x":-0.05128678306937218,"y":-0.9249346852302551,"z":0.3516656756401062,"w":-0.13489554822444917},"size":48.37567138671875,"orthographic":false}