{"cameraMode":{"drawMode":0,"name":"Shaded","section":"Shading Mode"},"sceneLighting":true,"audioPlay":false,"sceneViewState":{"showFog":false,"showMaterialUpdate":false,"showSkybox":false,"showFlares":false,"showImageEffects":false,"showParticleSystems":false},"in2DMode":false,"pivot":{"x":1103.1895751953125,"y":-21.33277130126953,"z":949.6880493164063},"rotation":{"x":0.09896880388259888,"y":-0.802356481552124,"z":0.1388322412967682,"w":0.571974515914917},"size":663.84130859375,"orthographic":false}