{"cameraMode":{"drawMode":0,"name":"Shaded","section":"Shading Mode"},"sceneLighting":false,"audioPlay":false,"sceneViewState":{"showFog":false,"showMaterialUpdate":false,"showSkybox":false,"showFlares":false,"showImageEffects":false,"showParticleSystems":false},"in2DMode":false,"pivot":{"x":-4.038541793823242,"y":12.727666854858399,"z":5.528495788574219},"rotation":{"x":0.00917943473905325,"y":-0.18097560107707978,"z":0.0016891553532332183,"w":0.9834433794021606},"size":45.766910552978519,"orthographic":false}