{"cameraMode":{"drawMode":0,"name":"Shaded","section":"Shading Mode"},"sceneLighting":false,"audioPlay":false,"sceneViewState":{"showFog":false,"showMaterialUpdate":false,"showSkybox":false,"showFlares":false,"showImageEffects":false,"showParticleSystems":false},"in2DMode":false,"pivot":{"x":-93.4730224609375,"y":26.66584014892578,"z":131.65573120117188},"rotation":{"x":-0.31510770320892336,"y":0.18792235851287843,"z":-0.06380372494459152,"w":-0.928074061870575},"size":870.1351928710938,"orthographic":false}