{"cameraMode":{"drawMode":0,"name":"Shaded","section":"Shading Mode"},"sceneLighting":false,"audioPlay":false,"sceneViewState":{"showFog":false,"showMaterialUpdate":false,"showSkybox":false,"showFlares":false,"showImageEffects":false,"showParticleSystems":false},"in2DMode":false,"pivot":{"x":13.75469970703125,"y":62.101806640625,"z":-8.639076232910157},"rotation":{"x":-0.31510770320892336,"y":0.18792235851287843,"z":-0.06380372494459152,"w":-0.928074061870575},"size":382.6880798339844,"orthographic":false}