{"cameraMode":{"drawMode":0,"name":"Shaded","section":"Shading Mode"},"sceneLighting":true,"audioPlay":false,"sceneViewState":{"showFog":true,"showMaterialUpdate":true,"showSkybox":true,"showFlares":true,"showImageEffects":true,"showParticleSystems":true},"in2DMode":false,"pivot":{"x":-0.0000019073486328125,"y":5.33723258972168,"z":-0.0000019073486328125},"rotation":{"x":-0.18410903215408326,"y":-0.7749887704849243,"z":0.2618449330329895,"w":-0.5449160933494568},"size":80.48713684082031,"orthographic":false}