{"cameraMode":{"drawMode":0,"name":"Shaded","section":"Shading Mode"},"sceneLighting":false,"audioPlay":false,"sceneViewState":{"showFog":false,"showMaterialUpdate":false,"showSkybox":false,"showFlares":false,"showImageEffects":false,"showParticleSystems":false},"in2DMode":false,"pivot":{"x":5.227199554443359,"y":17.951812744140626,"z":33.89487075805664},"rotation":{"x":-0.28634440898895266,"y":0.3919794261455536,"z":-0.12982018291950227,"w":-0.8645841479301453},"size":71.76817321777344,"orthographic":false}