{"cameraMode":{"drawMode":0,"name":"Shaded","section":"Shading Mode"},"sceneLighting":false,"audioPlay":false,"sceneViewState":{"showFog":false,"showMaterialUpdate":false,"showSkybox":false,"showFlares":false,"showImageEffects":false,"showParticleSystems":false},"in2DMode":false,"pivot":{"x":4.263669013977051,"y":-3.0458080768585207,"z":-2.4815292358398439},"rotation":{"x":-0.09701931476593018,"y":0.20563700795173646,"z":-0.02049116976559162,"w":-0.9735917448997498},"size":28.5618896484375,"orthographic":false}