{"cameraMode":{"drawMode":0,"name":"Shaded","section":"Shading Mode"},"sceneLighting":false,"audioPlay":false,"sceneViewState":{"showFog":false,"showMaterialUpdate":false,"showSkybox":false,"showFlares":false,"showImageEffects":false,"showParticleSystems":false},"in2DMode":false,"pivot":{"x":-0.4673440456390381,"y":1.786566972732544,"z":1.6548871994018555},"rotation":{"x":-0.17118270695209504,"y":0.15797053277492524,"z":-0.027818461880087854,"w":-0.9720946550369263},"size":62.255496978759769,"orthographic":false}