{"cameraMode":{"drawMode":0,"name":"Shaded","section":"Shading Mode"},"sceneLighting":false,"audioPlay":false,"sceneViewState":{"showFog":false,"showMaterialUpdate":false,"showSkybox":false,"showFlares":false,"showImageEffects":false,"showParticleSystems":false},"in2DMode":false,"pivot":{"x":0.8006632328033447,"y":2.227442741394043,"z":-6.962703704833984},"rotation":{"x":0.3573067784309387,"y":-0.3698670268058777,"z":0.15673232078552247,"w":0.8431875705718994},"size":9.394296646118164,"orthographic":false}