{"cameraMode":{"drawMode":0,"name":"Shaded","section":"Shading Mode"},"sceneLighting":false,"audioPlay":false,"sceneViewState":{"showFog":true,"showMaterialUpdate":true,"showSkybox":true,"showFlares":true,"showImageEffects":true,"showParticleSystems":true},"in2DMode":false,"pivot":{"x":404.5410461425781,"y":22.678165435791017,"z":315.82855224609377},"rotation":{"x":0.11482387781143189,"y":0.8743297457695007,"z":-0.3986910879611969,"w":0.251810222864151},"size":19.910905838012697,"orthographic":false}