{"cameraMode":{"drawMode":0,"name":"Shaded","section":"Shading Mode"},"sceneLighting":false,"audioPlay":false,"sceneViewState":{"showFog":false,"showMaterialUpdate":false,"showSkybox":false,"showFlares":false,"showImageEffects":false,"showParticleSystems":false},"in2DMode":false,"pivot":{"x":-0.026315689086914064,"y":7.493041038513184,"z":-0.7435264587402344},"rotation":{"x":0.15946799516677857,"y":0.4207058548927307,"z":-0.07539216428995133,"w":0.8898835182189941},"size":45.32524108886719,"orthographic":false}