{"cameraMode":{"drawMode":0,"name":"Shaded","section":"Shading Mode"},"sceneLighting":false,"audioPlay":false,"sceneViewState":{"showFog":false,"showMaterialUpdate":false,"showSkybox":false,"showFlares":false,"showImageEffects":false,"showParticleSystems":false},"in2DMode":false,"pivot":{"x":-3.414396286010742,"y":2.1899664402008058,"z":-5.334702014923096},"rotation":{"x":0.3573067784309387,"y":-0.3698670268058777,"z":0.15673232078552247,"w":0.8431875705718994},"size":9.299838066101075,"orthographic":false}