{"cameraMode":{"drawMode":0,"name":"Shaded","section":"Shading Mode"},"sceneLighting":false,"audioPlay":false,"sceneViewState":{"showFog":false,"showMaterialUpdate":false,"showSkybox":false,"showFlares":false,"showImageEffects":false,"showParticleSystems":false},"in2DMode":false,"pivot":{"x":-7.499969959259033,"y":0.5290271043777466,"z":-7.499972820281982},"rotation":{"x":0.3567371368408203,"y":-0.1989559829235077,"z":0.07804219424724579,"w":0.9094309210777283},"size":45.595458984375,"orthographic":false}