{"cameraMode":{"drawMode":0,"name":"Shaded","section":"Shading Mode"},"sceneLighting":false,"audioPlay":false,"sceneViewState":{"showFog":false,"showMaterialUpdate":false,"showSkybox":false,"showFlares":false,"showImageEffects":false,"showParticleSystems":false},"in2DMode":false,"pivot":{"x":-4.840087890625,"y":0.36334800720214846,"z":-6.718528747558594},"rotation":{"x":0.1201256811618805,"y":0.5309025049209595,"z":-0.07634247094392777,"w":0.8353946805000305},"size":38.96878433227539,"orthographic":false}