{"cameraMode":{"drawMode":0,"name":"Shaded","section":"Shading Mode"},"sceneLighting":false,"audioPlay":false,"sceneViewState":{"showFog":false,"showMaterialUpdate":false,"showSkybox":false,"showFlares":false,"showImageEffects":false,"showParticleSystems":false},"in2DMode":false,"pivot":{"x":1.3980903625488282,"y":22.352569580078126,"z":-0.08562660217285156},"rotation":{"x":-0.22346454858779908,"y":0.5785155892372131,"z":-0.16874641180038453,"w":-0.766099214553833},"size":167.7327423095703,"orthographic":false}