{"cameraMode":{"drawMode":0,"name":"Shaded","section":"Shading Mode"},"sceneLighting":false,"audioPlay":false,"sceneViewState":{"showFog":false,"showMaterialUpdate":false,"showSkybox":false,"showFlares":false,"showImageEffects":false,"showParticleSystems":false},"in2DMode":false,"pivot":{"x":-2.868925094604492,"y":6.278949737548828,"z":9.800627708435059},"rotation":{"x":-0.07039045542478562,"y":0.7467345595359802,"z":-0.0800631120800972,"w":-0.6565231084823608},"size":36.541561126708987,"orthographic":false}