{"cameraMode":{"drawMode":0,"name":"Shaded","section":"Shading Mode"},"sceneLighting":false,"audioPlay":false,"sceneViewState":{"showFog":false,"showMaterialUpdate":false,"showSkybox":false,"showFlares":false,"showImageEffects":false,"showParticleSystems":false},"in2DMode":false,"pivot":{"x":1.5390968322753907,"y":21.79113006591797,"z":-4.648384094238281},"rotation":{"x":0.11681326478719711,"y":0.8801705241203308,"z":-0.28419169783592226,"w":0.36178678274154665},"size":191.5693817138672,"orthographic":false}