{"cameraMode":{"drawMode":0,"name":"Shaded","section":"Shading Mode"},"sceneLighting":false,"audioPlay":false,"sceneViewState":{"showFog":false,"showMaterialUpdate":false,"showSkybox":false,"showFlares":false,"showImageEffects":false,"showParticleSystems":false},"in2DMode":false,"pivot":{"x":0.0417027473449707,"y":2.6472833156585695,"z":0.0960550308227539},"rotation":{"x":-0.10498273372650147,"y":-0.8851291537284851,"z":0.3829350471496582,"w":-0.24266394972801209},"size":11.891870498657227,"orthographic":false}