{"cameraMode":{"drawMode":0,"name":"Shaded","section":"Shading Mode"},"sceneLighting":false,"audioPlay":false,"sceneViewState":{"showFog":true,"showMaterialUpdate":true,"showSkybox":true,"showFlares":true,"showImageEffects":true,"showParticleSystems":true},"in2DMode":false,"pivot":{"x":960.7135009765625,"y":-3.400001049041748,"z":927.1551513671875},"rotation":{"x":-0.3924276530742645,"y":-0.5771348476409912,"z":0.3689751923084259,"w":-0.6138186454772949},"size":2878.56689453125,"orthographic":false}